barcode;quantité;tag
3025950000389;4;4 pcs
8002790086044;4;4 pcs
8008110007867;4;4 pcs
8003636004536;4;4 pcs
8006071950437;4;4 pcs
8023797011068;4;4 pcs
8033520000467;4;4 pcs
3760150111489;4;4 pcs
3760150760175;4;4 pcs
8033622750932;4;4 pcs
8009310001204;4;4 pcs
3701091701278;4;4 pcs
3175150090113;6;6 pcs
3251320145040;6;6 pcs
3257983912067;6;6 pcs
3414280700067;6;6 pcs
3460919343105;6;6 pcs
3760150110987;6;6 pcs
3760150111359;6;6 pcs
3760189760108;6;6 pcs
3275880633069;6;6 pcs
5400101256651;6;6 pcs
7300156480903;6;6 pcs
8008110040338;6;6 pcs
3273021230009;6;6 pcs
5400141234121;6;6 pcs
5400101405035;6;6 pcs
3275881647065;6;6 pcs
3361580000031;6;6 pcs
3263858812219;6;6 pcs
3282070023944;6;6 pcs
8003100890665;6;6 pcs
8010053047510;6;6 pcs
8023797036399;6;6 pcs
8002790083692;6;6 pcs
8008110025861;6;6 pcs
8003170026520;6;6 pcs
202102141215002001109466;6;6 pcs
8008110042004;6;6 pcs
8011477637387;6;6 pcs
8008110007928;6;6 pcs
8003100855893;6;6 pcs
8002790006486;6;6 pcs
8003100855909;6;6 pcs
8004862150080;6;6 pcs
8002790191915;6;6 pcs
8003100931627;6;6 pcs
8057737590788;6;6 pcs
8057737590061;6;6 pcs
8057737590085;6;6 pcs
3257986644279;6;6 pcs
8011477536390;6;6 pcs
3760224690001;6;6 pcs
8006071950536;6;6 pcs
3770000845310;6;6 pcs
3335720806074;6;6 pcs
3439496003528;6;6 pcs
00257961;6;6 pcs
3265290020085;6;6 pcs
3273050520133;6;6 pcs
3282071329021;6;6 pcs
3304790806079;6;6 pcs
3332930001046;6;6 pcs
3332930010260;6;6 pcs
3332930016316;6;6 pcs
3332930300064;6;6 pcs
3332930700062;6;6 pcs
3336420200001;6;6 pcs
3348660620068;6;6 pcs
3348680000345;6;6 pcs
3367190000041;6;6 pcs
3372140000064;6;6 pcs
3414280800125;6;6 pcs
3423637075062;6;6 pcs
3429640000022;6;6 pcs
3429640000572;6;6 pcs
3430420665706;6;6 pcs
3439496001708;6;6 pcs
3479431310007;6;6 pcs
3479431411216;6;6 pcs
3487380234565;6;6 pcs
3503010168069;6;6 pcs
3554300601001;6;6 pcs
3700002706029;6;6 pcs
3760010220016;6;6 pcs
3760010220030;6;6 pcs
3760038110016;6;6 pcs
3760040340043;6;6 pcs
3760058480120;6;6 pcs
3760063390100;6;6 pcs
3760189760009;6;6 pcs
3760189760047;6;6 pcs
3770000845020;6;6 pcs
3770002335130;6;6 pcs
3770004464036;6;6 pcs
5400208005190;6;6 pcs
5400501301043;6;6 pcs
5701607583013;6;6 pcs
8033576311098;6;6 pcs
8411412672624;6;6 pcs
8426202000549;6;6 pcs
3545870104726;6;6 pcs
3760063390117;6;6 pcs
3760084055491;6;6 pcs
3700864005063;6;6 pcs
3500066060507;6;6 pcs
3760035420002;6;6 pcs
3283324001411;6;6 pcs
3760023780637;6;6 pcs
20125462;6;6 pcs
3760214340084;6;6 pcs
3760104690015;6;6 pcs
3760086620000;6;6 pcs
3760274730016;6;6 pcs
3770008384002;6;6 pcs
3479438310000;6;6 pcs
3760021420016;6;6 pcs
3372140000323;6;6 pcs
3760073540649;6;6 pcs
3760161120012;6;6 pcs
3368170032137;6;6 pcs
3760010220153;6;6 pcs
3321460006010;6;6 pcs
3300756372060;6;6 pcs
3760274730023;6;6 pcs
5400208005350;6;6 pcs
3439496001753;6;6 pcs
3760083000607;6;6 pcs
3545870105969;6;6 pcs
3273050920193;6;6 pcs
3368170031239;6;6 pcs
3770000468137;6;6 pcs
3323870506012;6;6 pcs
2025466240072;6;6 pcs
3250391699551;6;6 pcs
3700560300042;6;6 pcs
3760073540656;6;6 pcs
3483500003110;6;6 pcs
3300757375060;6;6 pcs
3430420007001;6;6 pcs
4016184001005;6;6 pcs
3429640000015;6;6 pcs
5601312506461;6;6 pcs
3350033708556;6;6 pcs
3760148080032;6;6 pcs
3321460106024;6;6 pcs
3760092320031;6;6 pcs
3335720025802;6;6 pcs
3282070090274;6;6 pcs
3309680006010;6;6 pcs
3448606373062;6;6 pcs
3309730000067;6;6 pcs
3439496001760;6;6 pcs
3414280110064;6;6 pcs
3760037110024;6;6 pcs
3770016222006;6;6 pcs
4018631943517;6;6 pcs
3283324001541;6;6 pcs
3439496001647;6;6 pcs
3367200207019;6;6 pcs
3300757374063;6;6 pcs
3663347000651;6;6 pcs
3479433310005;6;6 pcs
3760148080056;6;6 pcs
3760084055828;6;6 pcs
3300090202481;6;6 pcs
3262581080667;6;6 pcs
3760000736121;6;6 pcs
3396960000103;6;6 pcs
8004263690437;6;6 pcs
3701002404083;6;6 pcs
8002790014740;6;6 pcs
3263858812226;6;6 pcs
3760011150060;6;6 pcs
3474730000802;6;6 pcs
1321193175757;6;6 pcs
3361580000130;6;6 pcs
8014761001758;6;6 pcs
8005843046408;6;6 pcs
3275093000610;6;6 pcs
3413310600001;6;6 pcs
8004862150264;6;6 pcs
3252520008159;6;6 pcs
3701002403673;6;6 pcs
8034140280000;6;6 pcs
3700862400006;6;6 pcs
8008110040550;6;6 pcs
3284866065060;6;6 pcs
8008110025779;6;6 pcs
3252520001013;6;6 pcs
3770005410193;6;6 pcs
3282073133176;6;6 pcs
3414280330066;6;6 pcs
03327111;6;6 pcs
8006071950635;6;6 pcs
3475579911199;6;6 pcs
3446896222060;6;6 pcs
8420060060394;6;6 pcs
8023797036405;6;6 pcs
3578402323258;6;6 pcs
0806802819532;6;6 pcs
3445351201718;6;6 pcs
8001858300627;6;6 pcs
3770019583043;6;6 pcs
8480000313102;6;6 pcs
3250393378515;6;6 pcs
3430422066372;6;6 pcs
3700864036067;6;6 pcs
5054402688859;6;6 pcs
3276558168272;6;6 pcs
3760139471825;6;6 pcs
3760099020002;6;6 pcs
3262581206005;6;6 pcs
3700468700470;6;6 pcs
3439496003580;6;6 pcs
3487380110999;6;6 pcs
3537150163066;6;6 pcs
9982404002044;6;6 pcs
3283324001633;6;6 pcs
01930179;6;6 pcs
4056489705673;6;6 pcs
3479433370009;8;8 pcs
3273050720175;9;9 pcs
20179496;10;10 pcs
4026767000400;10;10 pcs
7610200016966;10;10 pcs
3760150111472;10;10 pcs
3175150030195;10;10 pcs
8004862150134;10;10 pcs
8003100890672;10;10 pcs
8005843046446;10;10 pcs
8010053008047;10;10 pcs
8003100865410;10;10 pcs
8023797284134;10;10 pcs
3760084055965;10;10 pcs
4007744001009;10;10 pcs
3304790810045;10;10 pcs
27027042;10;10 pcs
3258565420772;10;10 pcs
3262581523317;10;10 pcs
3275092002004;10;10 pcs
3323870206011;10;10 pcs
5400112106600;10;10 pcs
3282070072577;10;10 pcs
3760150110079;10;10 pcs
3503010058100;10;10 pcs
3273020000016;10;10 pcs
3273026570063;10;10 pcs
3275093000153;10;10 pcs
3275880633106;10;10 pcs
3413310101003;10;10 pcs
3273050520171;10;10 pcs
3332930010093;10;10 pcs
3349584000011;10;10 pcs
9050482136705;10;10 pcs
3267590008503;10;10 pcs
3323870506555;10;10 pcs
3017600120196;10;10 pcs
4260457450025;10;10 pcs
9004165000050;10;10 pcs
3263858812516;10;10 pcs
5400501301050;10;10 pcs
3770000845006;10;10 pcs
3263858812523;10;10 pcs
3528800400105;10;10 pcs
3387710000108;10;10 pcs
3273050420204;10;10 pcs
8002790084132;10;10 pcs
3258565420796;10;10 pcs
3275094000107;10;10 pcs
3282070099468;10;10 pcs
3282070100003;10;10 pcs
50378272;10;10 pcs
3448601000000;10;10 pcs
3298624100009;10;10 pcs
4052917849605;10;10 pcs
3282070100027;10;10 pcs
4056489970231;10;10 pcs
3760224690247;10;10 pcs
3250390010999;12;12 pcs
3257980018687;12;12 pcs
3257983912074;12;12 pcs
3258561420868;12;12 pcs
3258561420899;12;12 pcs
3273021000121;12;12 pcs
3275881647126;12;12 pcs
3446891254646;12;12 pcs
3700029204980;12;12 pcs
3760123470032;12;12 pcs
3251320145064;12;12 pcs
3265530625339;12;12 pcs
3298622120009;12;12 pcs
5400155081674;12;12 pcs
3263858812318;12;12 pcs
3282070023951;12;12 pcs
3760073541332;12;12 pcs
5414121001528;12;12 pcs
8232070012498;12;12 pcs
3341400002070;12;12 pcs
3760115762121;12;12 pcs
3760150111557;12;12 pcs
3537150453129;12;12 pcs
04081371;12;12 pcs
3332930010499;12;12 pcs
4056489566168;12;12 pcs
3262581082128;12;12 pcs
4056489566113;12;12 pcs
2006050047918;12;12 pcs
3760288530602;12;12 pcs
4056489566137;12;12 pcs
3760224690223;12;12 pcs
20681548;12;12 pcs
3250391411450;12;12 pcs
3258561421599;12;12 pcs
3267590000248;12;12 pcs
3273024560004;12;12 pcs
3282070012436;12;12 pcs
3332930010277;12;12 pcs
3332930300125;12;12 pcs
3348680000055;12;12 pcs
3372140000224;12;12 pcs
3410600012605;12;12 pcs
3414280038122;12;12 pcs
3479438320009;12;12 pcs
3503018858122;12;12 pcs
3521570820029;12;12 pcs
3537150053121;12;12 pcs
3760010220047;12;12 pcs
3760010220160;12;12 pcs
3760010220276;12;12 pcs
3760043550043;12;12 pcs
3760051340254;12;12 pcs
3760073541233;12;12 pcs
3760084055507;12;12 pcs
3760092320024;12;12 pcs
3760148080025;12;12 pcs
3760150111274;12;12 pcs
3760189760016;12;12 pcs
3770001170015;12;12 pcs
3770004464104;12;12 pcs
8437014811032;12;12 pcs
9342230600126;12;12 pcs
9349663000028;12;12 pcs
3770004464166;12;12 pcs
3760000736206;12;12 pcs
3487380190434;12;12 pcs
3175150041139;12;12 pcs
3275880633120;12;12 pcs
3337960000120;12;12 pcs
3503010273107;12;12 pcs
3265546120101;12;12 pcs
3479439320008;12;12 pcs
3448605363125;12;12 pcs
3700560300059;12;12 pcs
3500061120305;12;12 pcs
3284861236168;12;12 pcs
3527451260656;12;12 pcs
3287252001123;12;12 pcs
3760114130143;12;12 pcs
3430421253636;12;12 pcs
3267590005106;12;12 pcs
3760213340023;12;12 pcs
3275094000251;12;12 pcs
3348680000024;12;12 pcs
3262581032123;12;12 pcs
3760023781238;12;12 pcs
3251320011215;12;12 pcs
3554301202009;12;12 pcs
3372140000125;12;12 pcs
3475579911113;12;12 pcs
3701002403239;12;12 pcs
3701002403277;12;12 pcs
3289970012498;12;12 pcs
3770005410018;12;12 pcs
0061719011039;12;12 pcs
3528802020127;12;12 pcs
3479432421313;12;12 pcs
3760084055897;12;12 pcs
3361580000048;12;12 pcs
8433329010511;12;12 pcs
3760084050120;12;12 pcs
0852810488123;12;12 pcs
3487380023459;12;12 pcs
3460919343204;12;12 pcs
3760042140085;12;12 pcs
3760115761124;12;12 pcs
3760278230185;12;12 pcs
3578402323289;12;12 pcs
3335720112069;12;12 pcs
3323870506746;12;12 pcs
3701002404090;12;12 pcs
3700002712129;12;12 pcs
3446891260708;12;12 pcs
3760058480199;12;12 pcs
3300090202498;12;12 pcs
3341400003022;12;12 pcs
3537150353122;12;12 pcs
0028621124981;12;12 pcs
3760257200055;12;12 pcs
3479433321001;12;12 pcs
3340710067120;12;12 pcs
3760000734127;12;12 pcs
3265290010062;12;12 pcs
3435760853127;12;12 pcs
3483500003226;12;12 pcs
3700468700524;12;12 pcs
3511050151156;12;12 pcs
3372140000330;12;12 pcs
3760021420030;12;12 pcs
3336420200018;12;12 pcs
3479437321007;12;12 pcs
3479436382009;12;12 pcs
3660802630125;12;12 pcs
3475579911205;12;12 pcs
3760045180026;12;12 pcs
3251320000363;12;12 pcs
3760007150098;12;12 pcs
3700864013129;12;12 pcs
4056489566212;12;12 pcs
3760224690018;12;12 pcs
3700468700333;12;12 pcs
8411244101026;12;12 pcs
4056489566021;12;12 pcs
4056489566090;12;12 pcs
3304790112040;12;12 pcs
1332930484544;12;12 pcs
3700864014126;12;12 pcs
3770016964111;12;12 pcs
3335720812068;12;12 pcs
3445351201725;12;12 pcs
3017600920222;12;12 pcs
3439496003498;12;12 pcs
65895535;12;12 pcs
55444231;12;12 pcs
3265080000129;12;12 pcs
3760148080223;12;12 pcs
4056489566182;15;15 pcs
3300755363151;15;15 pcs
3760114130167;15;15 pcs
3282070012528;15;15 pcs
3017600320183;15;15 pcs
3700864001157;15;15 pcs
3025950000723;15;15 pcs
3273050120203;15;15 pcs
3300754353153;15;15 pcs
3537150453181;18;18 pcs
5453001330013;18;18 pcs
0061719011558;18;18 pcs
3479433300211;18;18 pcs
3341401234616;18;18 pcs
3282070124351;18;18 pcs
3700864002185;18;18 pcs
4056489370505;18;18 pcs
3760148080155;18;18 pcs
3500066180601;18;18 pcs
3282620202904;18;18 pcs
3701002410640;18;18 pcs
3332930920002;20;20 pcs
3760150111304;20;20 pcs
3760150111311;20;20 pcs
3275094000022;20;20 pcs
3275880003206;20;20 pcs
3282070290018;20;20 pcs
3560071230265;20;20 pcs
3257986644286;20;20 pcs
3564706516540;20;20 pcs
3282070090007;20;20 pcs
3348680000611;20;20 pcs
3760288530138;20;20 pcs
3760084055781;20;20 pcs
3770027651062;20;20 pcs
3265290019065;20;20 pcs
3273020000207;20;20 pcs
3304790120090;20;20 pcs
3332930010147;20;20 pcs
3332930100206;20;20 pcs
3332930720008;20;20 pcs
3413310200201;20;20 pcs
3414280930204;20;20 pcs
3479437242005;20;20 pcs
3760073542049;20;20 pcs
3760150111328;20;20 pcs
3700864002208;20;20 pcs
3527452053639;20;20 pcs
3336420100066;20;20 pcs
3430422070751;20;20 pcs
3025950000235;20;20 pcs
3700002706203;20;20 pcs
3414280300205;20;20 pcs
3760010220061;20;20 pcs
3500066200309;20;20 pcs
3175153525001;20;20 pcs
3701002403222;20;20 pcs
3700864009207;20;20 pcs
3265290341180;20;20 pcs
3701002403789;20;20 pcs
3340710057206;20;20 pcs
3770008192126;20;20 pcs
3275094000091;20;20 pcs
3332930921009;20;20 pcs
3701002403154;20;20 pcs
3760150110031;20;20 pcs
3275092006002;20;20 pcs
3300755362208;20;20 pcs
3340710052201;20;20 pcs
3300756273206;20;20 pcs
3276570020121;20;20 pcs
3369604322008;20;20 pcs
3760274730092;20;20 pcs
3397292205600;20;20 pcs
34979754;20;20 pcs
3332930010918;20;20 pcs
3530440207044;20;20 pcs
3760189760023;24;24 pcs
3372140000248;24;24 pcs
3760150111298;24;24 pcs
3282072480011;24;24 pcs
3332930011069;24;24 pcs
3332930013179;24;24 pcs
3760150110000;24;24 pcs
3477400704772;24;24 pcs
3323870506340;24;24 pcs
3503010058247;24;24 pcs
3435760153241;24;24 pcs
3300090206359;24;24 pcs
0610079229235;24;24 pcs
3250391411528;30;30 pcs
3372140000309;30;30 pcs
3760084054197;30;30 pcs
3760274730009;30;30 pcs
5400101023406;30;30 pcs
3435760153302;30;30 pcs
3175070000001;30;30 pcs
3273050220187;30;30 pcs
3332930011076;30;30 pcs
3332930730007;30;30 pcs
3332930930001;30;30 pcs
3367200516029;30;30 pcs
3413310000306;30;30 pcs
3479434367527;30;30 pcs
3487380000313;30;30 pcs
3503010053303;30;30 pcs
3760073543039;30;30 pcs
3282072681012;30;30 pcs
3285532684301;30;30 pcs
3282620300105;30;30 pcs
3413310230000;30;30 pcs
3017600420180;30;30 pcs
8411887044162;30;30 pcs
4007807000093;30;30 pcs
0634438278191;30;30 pcs
3332930012073;30;30 pcs
3446893043538;30;30 pcs
3439496010052;30;30 pcs
3414283301537;30;30 pcs
3282070098270;30;30 pcs
5412378001414;30;30 pcs
3760084050069;30;30 pcs
3760073543053;30;30 pcs
3282070098379;30;30 pcs
8437000839705;30;30 pcs
8427424302015;30;30 pcs
3413310100303;30;30 pcs
26061863;30;30 pcs
3760073540335;30;30 pcs
9191078602843;30;30 pcs
3429640000138;30;30 pcs
3439496010069;30;30 pcs
3323870506548;30;30 pcs
3341400009307;30;30 pcs
12820713;30;30 pcs
8437000839422;30;30 pcs
3413310300307;30;30 pcs
3500063300002;30;30 pcs
5412716000246;30;30 pcs
3368170033035;30;30 pcs
3282070100034;30;30 pcs
8420766301012;30;30 pcs
3300754452306;30;30 pcs
3300754352309;30;30 pcs
8420766300404;30;30 pcs
3760210733330;30;30 pcs
8420711430248;30;30 pcs
3450971462197;30;30 pcs
5906295184126;30;30 pcs
3282070100058;30;30 pcs
5430003716199;30;30 pcs
3760274730146;30;30 pcs
3298624300010;30;30 pcs
3300755362307;30;30 pcs
6111262585557;30;30 pcs
13251212512000082794;90;90 pcs
13251212512000003627;180;180 pcs
